<?xml version="1.0" encoding="UTF-8"?>
<project-private xmlns="http://www.netbeans.org/ns/project-private/1">
    <editor-bookmarks xmlns="http://www.netbeans.org/ns/editor-bookmarks/2" lastBookmarkId="0"/>
    <open-files xmlns="http://www.netbeans.org/ns/projectui-open-files/2">
        <group>
            <file>file:/D:/Ss/Project_Fashion_Store/ProjectFinalGroup5/ProjectFinalGroup5/web/LeftAdmin.jsp</file>
            <file>file:/D:/Ss/Project_Fashion_Store/ProjectFinalGroup5/ProjectFinalGroup5/web/Shop.jsp</file>
            <file>file:/D:/Ss/Project_Fashion_Store/ProjectFinalGroup5/ProjectFinalGroup5/web/DetailProduct.jsp</file>
            <file>file:/D:/Ss/Project_Fashion_Store/ProjectFinalGroup5/ProjectFinalGroup5/web/EditProfile.jsp</file>
        </group>
    </open-files>
</project-private>
